"Date","Close","SMA20","SMA50","EMA12","EMA26","MACD_Line","Signal_Line","Histogram","StDev20","RSI14","Stoch_K","Stoch_D","MA_Crossover","MA_Crossunder"
"2023-01-03",125.07,NA,NA,125.07,125.07,0,0,0,NA,NA,NA,NA,"None","None"
"2023-01-04",126.36,NA,NA,125.27,125.17,0.103,0.021,0.082,NA,NA,NA,NA,"None","False"
"2023-01-05",125.02,NA,NA,125.23,125.15,0.075,0.032,0.044,NA,NA,NA,NA,"None","False"
"2023-01-06",129.62,NA,NA,125.91,125.49,0.42,0.109,0.311,NA,NA,NA,NA,"None","False"
"2023-01-09",130.15,NA,NA,126.56,125.83,0.728,0.233,0.495,NA,NA,NA,NA,"None","False"
"2023-01-10",130.73,NA,NA,127.2,126.19,1.006,0.388,0.619,NA,NA,NA,NA,"None","False"
"2023-01-11",133.49,NA,NA,128.17,126.73,1.434,0.597,0.837,NA,NA,NA,NA,"None","False"
"2023-01-12",133.41,NA,NA,128.97,127.23,1.746,0.827,0.919,NA,NA,NA,NA,"None","False"
"2023-01-13",134.76,NA,NA,129.86,127.79,2.078,1.077,1.001,NA,NA,NA,NA,"None","False"
"2023-01-17",135.94,NA,NA,130.8,128.39,2.409,1.343,1.065,NA,NA,NA,NA,"None","False"
"2023-01-18",135.21,NA,NA,131.48,128.9,2.582,1.591,0.991,NA,NA,NA,NA,"None","False"
"2023-01-19",135.27,NA,NA,132.06,129.37,2.693,1.811,0.882,NA,NA,NA,NA,"None","False"
"2023-01-20",137.87,NA,NA,132.95,130,2.957,2.041,0.917,NA,NA,NA,NA,"None","False"
"2023-01-23",141.11,NA,NA,134.21,130.82,3.389,2.31,1.078,NA,NA,NA,NA,"None","False"
"2023-01-24",142.53,NA,NA,135.49,131.69,3.801,2.608,1.193,NA,90.77,NA,NA,"None","False"
"2023-01-25",142.55,NA,NA,136.58,132.49,4.083,2.903,1.18,NA,90.78,NA,NA,"None","False"
"2023-01-26",143.96,NA,NA,137.71,133.34,4.37,3.197,1.173,NA,91.43,0.979,NA,"None","False"
"2023-01-27",145.93,NA,NA,138.98,134.27,4.702,3.498,1.204,NA,92.24,0.987,NA,"None","False"
"2023-01-30",143,NA,NA,139.6,134.92,4.674,3.733,0.941,NA,80,0.928,0.965,"None","False"
"2023-01-31",144.29,135.81,NA,140.32,135.61,4.703,3.927,0.776,6.502,81.18,0.871,0.929,"None","False"
"2023-02-01",145.43,136.83,NA,141.1,136.34,4.762,4.094,0.668,6.3318,82.19,0.816,0.872,"None","False"
"2023-02-02",150.82,138.05,NA,142.6,137.41,5.184,4.312,0.872,6.5496,85.99,0.849,0.845,"None","False"
"2023-02-03",154.5,139.53,NA,144.43,138.68,5.75,4.6,1.15,6.7641,87.89,0.886,0.85,"None","False"
"2023-02-06",151.73,140.63,NA,145.55,139.65,5.906,4.861,1.045,6.8604,79.18,0.869,0.868,"None","False"
"2023-02-07",154.65,141.86,NA,146.95,140.76,6.194,5.128,1.067,7.0634,81.29,0.843,0.866,"None","False"
"2023-02-08",151.92,142.92,NA,147.72,141.58,6.132,5.328,0.803,6.902,73.77,0.765,0.826,"None","False"
"2023-02-09",155.33,144.01,NA,148.89,142.6,6.285,5.52,0.765,7.05,76.67,0.751,0.787,"None","False"
"2023-02-10",154.5,145.06,NA,149.75,143.48,6.267,5.669,0.598,6.9623,74.51,0.714,0.743,"None","False"
"2023-02-13",153.85,146.02,NA,150.38,144.25,6.13,5.761,0.368,6.7905,72.78,0.708,0.724,"None","False"
"2023-02-14",153.2,146.88,NA,150.82,144.91,5.901,5.789,0.111,6.5471,71.01,0.677,0.7,"None","False"
"2023-02-15",155.33,147.89,NA,151.51,145.69,5.824,5.796,0.028,6.2136,73.31,0.67,0.685,"None","False"
"2023-02-16",172.17,149.73,NA,154.69,147.65,7.04,6.045,0.995,7.5314,84.06,0.733,0.693,"None","False"
"2023-02-17",168.54,151.27,NA,156.82,149.2,7.624,6.361,1.263,8.0634,76.87,0.765,0.723,"None","False"
"2023-02-21",164.32,152.43,NA,157.97,150.32,7.657,6.62,1.037,8.1873,69.44,0.744,0.747,"None","False"
"2023-02-22",166.65,153.63,NA,159.31,151.53,7.782,6.852,0.93,8.4139,71.1,0.672,0.727,"None","False"
"2023-02-23",164.9,154.75,NA,160.17,152.52,7.652,7.012,0.64,8.3516,68.1,0.624,0.68,"None","False"
"2023-02-24",166.23,155.86,NA,161.1,153.53,7.569,7.124,0.445,8.3232,69.17,0.622,0.639,"None","False"
"2023-02-27",147.92,155.96,NA,159.07,153.12,5.957,6.89,-0.934,8.215,46.29,0.485,0.577,"None","False"
"2023-02-28",149.4,156.28,NA,157.59,152.84,4.744,6.461,-1.717,7.8189,47.79,0.373,0.493,"None","False"
"2023-03-01",145.31,156.33,NA,155.7,152.28,3.413,5.851,-2.438,7.7435,44.12,0.234,0.364,"None","False"
"2023-03-02",147.41,156.43,NA,154.42,151.92,2.499,5.181,-2.682,7.615,46.4,0.235,0.281,"None","False"
"2023-03-03",151.03,156.44,NA,153.9,151.86,2.044,4.553,-2.51,7.6074,50.17,0.248,0.239,"None","False"
"2023-03-06",153.83,156.41,NA,153.89,152,1.887,4.02,-2.133,7.6174,52.93,0.297,0.26,"None","False"
"2023-03-07",151.6,156.4,NA,153.54,151.97,1.564,3.529,-1.965,7.6214,50.53,0.32,0.288,"None","False"
"2023-03-08",152.59,156.3,NA,153.39,152.02,1.373,3.098,-1.725,7.6582,51.58,0.327,0.315,"None","False"
"2023-03-09",150.59,156.23,NA,152.96,151.91,1.048,2.688,-1.64,7.7017,49.3,0.307,0.318,"None","False"
"2023-03-10",155.85,156.26,NA,153.4,152.2,1.201,2.39,-1.19,7.6994,54.93,0.332,0.322,"None","False"
"2023-03-13",150.47,156.06,NA,152.95,152.08,0.878,2.088,-1.21,7.795,48.95,0.317,0.319,"None","False"
"2023-03-14",152.99,156.02,NA,152.96,152.14,0.815,1.833,-1.018,7.8095,51.61,0.33,0.326,"None","False"
"2023-03-15",152.69,155.99,147.24,152.92,152.18,0.734,1.613,-0.88,7.8194,51.26,0.31,0.319,"None","False"
"2023-03-16",155,155.97,147.84,153.24,152.39,0.845,1.46,-0.614,7.8212,53.81,0.336,0.325,"None","False"
"2023-03-17",155.09,155.12,148.41,153.52,152.59,0.93,1.354,-0.423,6.8823,53.91,0.349,0.332,"None","False"
"2023-03-20",157.4,154.56,149.06,154.12,152.95,1.171,1.317,-0.146,6.1896,56.53,0.378,0.355,"None","False"
"2023-03-21",159.28,154.31,149.65,154.91,153.42,1.496,1.353,0.143,5.8822,58.6,0.405,0.377,"None","False"
"2023-03-22",157.65,153.86,150.2,155.33,153.73,1.603,1.403,0.2,5.2291,56.11,0.417,0.4,"None","False"
"2023-03-23",158.93,153.56,150.77,155.89,154.12,1.771,1.477,0.295,4.7377,57.63,0.423,0.415,"None","False"
"2023-03-24",160.25,153.26,151.3,156.56,154.57,1.988,1.579,0.409,4.0706,59.2,0.426,0.422,"None","False"
"2023-03-27",158.28,153.78,151.8,156.82,154.85,1.978,1.659,0.319,4.0164,55.87,0.425,0.425,"None","False"
"2023-03-28",158.93,154.26,152.28,157.15,155.15,2,1.727,0.273,4.0336,56.74,0.42,0.424,"None","False"
"2023-03-29",160.77,155.03,152.78,157.7,155.56,2.141,1.81,0.331,3.7133,59.18,0.42,0.422,"None","False"
"2023-03-30",162.36,155.78,153.32,158.42,156.07,2.353,1.918,0.435,3.607,61.21,0.449,0.43,"None","False"
"2023-03-31",164.9,156.47,153.92,159.42,156.72,2.696,2.074,0.622,3.9448,64.28,0.491,0.453,"None","False"
"2023-04-03",166.47,157.1,154.49,160.5,157.44,3.059,2.271,0.788,4.4509,66.06,0.529,0.49,"None","False"
"2023-04-04",165.79,157.81,154.98,161.32,158.06,3.254,2.467,0.786,4.6437,64.56,0.548,0.523,"None","False"
"2023-04-05",163.76,158.37,155.41,161.69,158.48,3.208,2.616,0.592,4.6535,60.15,0.525,0.534,"None","False"
"2023-04-06",163.83,159.03,155.83,162.02,158.88,3.141,2.721,0.42,4.436,60.25,0.493,0.522,"None","False"
"2023-04-10",162.03,159.34,156.19,162.02,159.11,2.909,2.758,0.151,4.4186,56.31,0.447,0.488,"None","False"
"2023-04-11",165.75,160.11,156.59,162.6,159.61,2.991,2.805,0.186,4.1298,61.86,0.457,0.466,"None","False"
"2023-04-12",172.57,161.09,157.18,164.13,160.57,3.565,2.957,0.608,4.6184,69.51,0.508,0.471,"None","False"
"2023-04-13",173.57,162.13,157.77,165.58,161.53,4.054,3.176,0.878,4.9504,70.45,0.586,0.517,"None","False"
"2023-04-14",174.2,163.09,158.34,166.91,162.47,4.441,3.429,1.012,5.3223,71.05,0.637,0.577,"None","False"
"2023-04-17",173.55,164.01,158.8,167.93,163.29,4.642,3.672,0.97,5.4538,69.48,0.637,0.62,"None","False"
"2023-04-18",174.21,164.85,159.19,168.9,164.1,4.799,3.897,0.902,5.6612,70.2,0.635,0.636,"None","False"
"2023-04-19",165.21,165.15,159.46,168.33,164.18,4.149,3.948,0.202,5.5149,52.09,0.53,0.601,"None","False"
"2023-04-20",166.65,165.6,159.7,168.07,164.36,3.708,3.9,-0.192,5.2451,54.13,0.446,0.537,"None","False"
"2023-04-21",165.02,165.9,159.96,167.6,164.41,3.19,3.758,-0.568,5.021,51.46,0.342,0.439,"None","False"
"2023-04-24",165.33,166.16,160.16,167.25,164.48,2.773,3.561,-0.788,4.8543,51.95,0.341,0.376,"None","False"
"2023-04-25",169.68,166.73,160.47,167.63,164.86,2.761,3.401,-0.64,4.5558,58.26,0.364,0.349,"None","False"
"2023-04-26",168.41,167.2,160.76,167.75,165.13,2.619,3.244,-0.625,4.1988,55.95,0.389,0.365,"None","False"
"2023-04-27",169.12,167.62,161.08,167.96,165.42,2.535,3.102,-0.568,3.946,56.97,0.417,0.39,"None","False"
"2023-04-28",169.59,167.98,161.36,168.21,165.73,2.477,2.977,-0.5,3.7749,57.68,0.413,0.406,"None","False"
"2023-05-01",169.68,168.22,161.31,168.44,166.02,2.411,2.864,-0.453,3.7232,57.82,0.424,0.418,"None","False"
"2023-05-02",169.28,168.36,161.33,168.57,166.27,2.3,2.751,-0.451,3.7075,56.9,0.423,0.42,"None","False"
"2023-05-03",165.79,168.36,161.36,168.14,166.23,1.908,2.583,-0.675,3.7075,49.54,0.378,0.408,"None","False"
"2023-05-04",174.78,168.91,161.52,169.16,166.86,2.296,2.525,-0.229,3.8004,62.87,0.406,0.403,"None","False"
"2023-05-05",177.3,169.59,161.77,170.41,167.64,2.776,2.575,0.2,4.0268,65.61,0.454,0.413,"None","False"
"2023-05-08",172.07,170.09,161.88,170.67,167.96,2.702,2.601,0.102,3.6629,56.32,0.492,0.451,"None","False"
"2023-05-09",171.77,170.39,162.36,170.84,168.25,2.59,2.599,-0.009,3.5394,55.83,0.453,0.466,"None","False"
"2023-05-10",165.79,170.05,162.69,170.06,168.06,1.996,2.478,-0.482,3.6376,47.06,0.35,0.432,"None","False"
"2023-05-11",173.57,170.05,163.25,170.6,168.47,2.128,2.408,-0.28,3.6376,56.61,0.352,0.385,"None","False"
"2023-05-12",175.16,170.1,163.81,171.3,168.97,2.334,2.393,-0.059,3.6978,58.26,0.365,0.356,"None","False"
"2023-05-15",172.57,170.05,164.24,171.5,169.23,2.262,2.367,-0.105,3.658,54.61,0.407,0.375,"None","False"
"2023-05-16",172.07,169.94,164.6,171.59,169.44,2.14,2.322,-0.181,3.5649,53.9,0.392,0.388,"None","False"
"2023-05-17",173.55,170.36,165.04,171.89,169.75,2.139,2.285,-0.147,3.4736,55.72,0.378,0.393,"None","False"
"2023-05-18",175.43,170.8,165.5,172.43,170.17,2.263,2.281,-0.018,3.5314,57.99,0.397,0.389,"None","False"
"2023-05-19",177.82,171.44,166.04,173.26,170.74,2.525,2.329,0.195,3.5857,60.74,0.435,0.403,"None","False"
"2023-05-22",173.57,171.85,166.4,173.31,170.95,2.362,2.336,0.026,3.3241,53.97,0.425,0.419,"None","False"
"2023-05-23",172.99,172.02,166.85,173.26,171.1,2.162,2.301,-0.139,3.2942,53.1,0.398,0.419,"None","False"
"2023-05-24",171.56,172.17,167.22,173,171.13,1.866,2.214,-0.348,3.1918,50.92,0.344,0.389,"None","False"
"2023-05-25",177.82,172.61,167.72,173.74,171.63,2.113,2.194,-0.081,3.3356,58.88,0.371,0.371,"None","False"
"2023-05-26",177.3,172.99,168.17,174.29,172.05,2.24,2.203,0.037,3.4093,58.04,0.398,0.371,"None","False"
"2023-05-30",175.05,173.26,168.57,174.41,172.27,2.135,2.19,-0.055,3.3487,54.41,0.417,0.395,"None","False"
"2023-05-31",174.39,173.52,168.91,174.4,172.43,1.976,2.147,-0.171,3.2279,53.36,0.387,0.401,"None","False"
"2023-06-01",176.38,174.05,169.25,174.71,172.72,1.987,2.115,-0.128,2.7501,56.12,0.376,0.394,"None","False"
"2023-06-02",188.61,174.74,169.87,176.85,173.9,2.949,2.282,0.667,4.2026,68.45,0.454,0.406,"None","False"
"2023-06-05",186.68,175.21,170.42,178.36,174.84,3.515,2.528,0.987,4.9238,65.33,0.52,0.45,"None","False"
"2023-06-06",186.04,175.91,170.94,179.54,175.67,3.867,2.796,1.071,5.3973,64.29,0.565,0.513,"None","False"
"2023-06-07",180.09,176.32,171.38,179.63,176,3.625,2.962,0.663,5.3831,55.4,0.493,0.526,"None","False"
"2023-06-08",180.57,177.06,171.81,179.77,176.34,3.432,3.056,0.376,4.8773,55.93,0.441,0.5,"None","False"
"2023-06-09",180.95,177.43,172.21,179.95,176.68,3.272,3.099,0.173,4.8784,56.37,0.397,0.444,"None","False"
"2023-06-12",183.79,177.86,172.64,180.54,177.21,3.335,3.146,0.189,5.0376,59.62,0.421,0.42,"None","False"
"2023-06-13",183.97,178.43,173.02,181.07,177.71,3.362,3.189,0.172,5.0515,59.83,0.442,0.42,"None","False"
"2023-06-14",186.01,179.13,173.41,181.83,178.32,3.507,3.253,0.254,5.0873,62.17,0.474,0.446,"None","False"
"2023-06-15",185.01,179.7,173.8,182.32,178.82,3.501,3.302,0.198,5.072,60.31,0.478,0.465,"None","False"
"2023-06-16",183.58,180.11,174.19,182.51,179.17,3.342,3.31,0.032,5.0398,57.66,0.466,0.473,"None","False"
"2023-06-20",186.68,180.55,174.65,183.15,179.73,3.427,3.334,0.093,5.2058,61.6,0.463,0.469,"None","False"
"2023-06-21",185.27,181.14,175.12,183.48,180.14,3.342,3.335,0.007,5.0432,58.92,0.455,0.461,"None","False"
"2023-06-22",186.88,181.83,175.54,184,180.64,3.366,3.341,0.024,4.8251,61.01,0.474,0.464,"None","False"
"2023-06-23",187.65,182.64,175.84,184.56,181.16,3.407,3.355,0.053,4.3648,62,0.476,0.468,"None","False"
"2023-06-26",186.68,183.08,176.1,184.89,181.57,3.324,3.348,-0.025,4.3027,59.93,0.482,0.477,"None","False"
"2023-06-27",187.45,183.59,176.37,185.28,182,3.282,3.335,-0.053,4.1883,61.04,0.482,0.48,"None","False"
"2023-06-28",185.01,184.08,176.6,185.24,182.22,3.017,3.271,-0.255,3.7083,55.75,0.447,0.47,"None","False"
"2023-06-29",184.16,184.57,176.8,185.07,182.37,2.707,3.159,-0.451,2.9688,53.99,0.414,0.448,"None","False"
"2023-06-30",188.06,185.16,177.25,185.53,182.79,2.745,3.076,-0.331,2.3926,60.19,0.41,0.424,"None","False"
"2023-07-03",189.25,185.19,177.7,186.11,183.27,2.838,3.028,-0.19,2.4423,61.88,0.444,0.423,"None","False"
"2023-07-05",189.3,185.32,178.19,186.6,183.71,2.882,2.999,-0.117,2.5849,61.95,0.488,0.447,"None","False"
"2023-07-06",189.59,185.5,178.68,187.06,184.15,2.908,2.981,-0.073,2.7451,62.4,0.5,0.477,"None","False"
"2023-07-07",189.98,185.99,179.08,187.51,184.58,2.925,2.97,-0.044,2.6141,63.03,0.506,0.498,"None","False"
"2023-07-10",191.97,186.56,179.55,188.19,185.13,3.065,2.989,0.076,2.6126,66.16,0.529,0.512,"None","False"
"2023-07-11",193.97,187.21,180.05,189.08,185.78,3.298,3.051,0.248,2.7516,69,0.566,0.534,"None","False"
"2023-07-12",191.33,187.59,180.48,189.43,186.19,3.233,3.087,0.146,2.7732,61.65,0.558,0.551,"None","False"
"2023-07-13",191.81,187.98,180.93,189.79,186.61,3.184,3.106,0.077,2.7879,62.43,0.538,0.554,"None","False"
"2023-07-14",190.54,188.21,181.35,189.91,186.9,3.007,3.087,-0.079,2.8024,59,0.482,0.526,"None","False"
"2023-07-17",188.08,188.36,181.8,189.63,186.99,2.639,2.997,-0.358,2.7054,52.92,0.434,0.485,"None","False"
"2023-07-18",189.77,188.67,182.1,189.65,187.2,2.455,2.889,-0.434,2.4858,56.25,0.4,0.439,"None","False"
"2023-07-19",192.58,188.97,182.4,190.1,187.59,2.507,2.812,-0.306,2.5803,61.17,0.412,0.415,"None","False"
"2023-07-20",195.1,189.46,182.86,190.87,188.15,2.72,2.794,-0.074,2.7594,64.98,0.479,0.43,"None","False"
"2023-07-21",196.45,189.94,183.36,191.73,188.76,2.963,2.828,0.136,3.0817,66.85,0.537,0.476,"None","False"
"2023-07-24",197.96,190.45,184,192.69,189.45,3.241,2.91,0.331,3.4913,68.86,0.58,0.532,"None","False"
"2023-07-25",191.84,190.71,184.37,192.56,189.62,2.933,2.915,0.018,3.3922,54.47,0.522,0.546,"None","False"
"2023-07-26",189.25,190.8,184.65,192.05,189.6,2.452,2.822,-0.37,3.3278,49.73,0.427,0.509,"None","False"
"2023-07-27",186.19,190.86,184.92,191.15,189.34,1.803,2.619,-0.815,3.2338,44.77,0.294,0.414,"None","False"
"2023-07-28",187.87,191.04,185.24,190.64,189.23,1.408,2.377,-0.968,2.937,47.84,0.257,0.326,"None","False"
"2023-07-31",192.75,191.28,185.62,190.97,189.49,1.472,2.196,-0.724,2.8759,55.58,0.29,0.28,"None","False"
"2023-08-01",190.64,191.35,185.92,190.92,189.58,1.337,2.024,-0.687,2.8426,51.99,0.329,0.292,"None","False"
"2023-08-02",192.35,191.5,186.22,191.14,189.78,1.352,1.89,-0.537,2.8103,54.55,0.366,0.328,"None","False"
"2023-08-03",193.22,191.68,186.61,191.46,190.04,1.418,1.795,-0.377,2.7982,55.84,0.368,0.355,"None","False"
"2023-08-04",196.6,192.01,187.08,192.25,190.53,1.724,1.781,-0.057,2.9639,60.53,0.415,0.383,"None","False"
"2023-08-07",196.45,192.24,187.58,192.9,190.96,1.931,1.811,0.12,3.1174,60.22,0.447,0.41,"None","False"
"2023-08-08",195.55,192.32,187.93,193.3,191.3,2,1.849,0.151,3.1797,58.32,0.46,0.441,"None","False"
"2023-08-09",195.61,192.53,188.3,193.66,191.62,2.036,1.886,0.149,3.2494,58.42,0.449,0.452,"None","False"
"2023-08-10",192.58,192.57,188.65,193.49,191.69,1.799,1.869,-0.07,3.2452,52.01,0.403,0.437,"None","False"
"2023-08-11",178.19,191.95,188.73,191.14,190.69,0.445,1.584,-1.139,4.5035,33.33,0.265,0.372,"None","False"
"2023-08-14",176.57,191.38,188.73,188.9,189.65,-0.75,1.117,-1.867,5.5705,31.94,0.119,0.262,"None","False"
"2023-08-15",178.22,190.8,188.52,187.25,188.8,-1.546,0.584,-2.131,6.2628,34.92,0.024,0.136,"None","False"
"2023-08-16",177.79,190.06,188.34,185.8,187.99,-2.187,0.03,-2.217,6.854,34.49,0.031,0.058,"None","False"
"2023-08-17",177.23,189.17,188.17,184.48,187.19,-2.708,-0.518,-2.191,7.2896,33.92,0.042,0.032,"None","False"
"2023-08-18",176.57,188.17,188.1,183.26,186.4,-3.139,-1.042,-2.097,7.5782,33.21,0.032,0.035,"None","False"
"2023-08-21",177.79,187.16,188.04,182.42,185.76,-3.343,-1.502,-1.841,7.5505,35.87,0.04,0.038,"Down","True"
"2023-08-22",174.49,186.3,187.91,181.2,184.93,-3.728,-1.947,-1.781,7.9495,32.14,0.03,0.034,"None","False"
"2023-08-23",178.44,185.76,187.81,180.78,184.45,-3.672,-2.292,-1.38,8.0964,40.15,0.068,0.046,"None","False"
"2023-08-24",178.61,185.38,187.7,180.44,184.02,-3.573,-2.548,-1.025,8.2432,40.48,0.094,0.064,"None","False"
"2023-08-25",174.49,184.71,187.47,179.53,183.31,-3.783,-2.795,-0.988,8.5509,35.44,0.112,0.091,"None","False"
"2023-08-28",178.44,183.99,187.34,179.36,182.95,-3.59,-2.954,-0.635,8.446,42.79,0.127,0.111,"None","False"
"2023-08-29",179.46,183.43,187.25,179.38,182.69,-3.316,-3.026,-0.289,8.3569,44.54,0.149,0.129,"None","False"
"2023-08-30",180.09,182.82,187.12,179.49,182.5,-3.013,-3.024,0.011,8.1268,45.65,0.205,0.16,"None","False"
"2023-08-31",189.46,182.63,187.21,181.02,183.01,-1.994,-2.818,0.824,7.925,58.83,0.294,0.216,"None","False"
"2023-09-01",189.87,182.3,187.27,182.38,183.52,-1.14,-2.482,1.342,7.4536,59.3,0.376,0.292,"None","False"
"2023-09-05",189.7,181.96,187.31,183.51,183.98,-0.472,-2.08,1.608,6.9402,59,0.449,0.373,"None","False"
"2023-09-06",189.99,181.68,187.37,184.5,184.42,0.08,-1.648,1.728,6.4867,59.37,0.452,0.426,"None","False"
"2023-09-07",187.65,181.28,187.38,184.99,184.66,0.325,-1.254,1.579,5.8308,55.01,0.429,0.444,"None","False"
"2023-09-08",187.65,181.04,187.43,185.4,184.88,0.513,-0.9,1.413,5.439,55.01,0.407,0.429,"None","False"
"2023-09-11",177.48,181,187.3,184.18,184.34,-0.156,-0.751,0.595,5.4597,40.13,0.3,0.379,"None","False"
"2023-09-12",178.35,181.09,187.1,183.28,183.89,-0.61,-0.723,0.113,5.401,41.58,0.226,0.311,"None","False"
"2023-09-13",178.18,181.09,186.88,182.5,183.47,-0.972,-0.773,-0.199,5.4021,41.37,0.151,0.226,"None","False"
"2023-09-14",179,181.15,186.67,181.96,183.14,-1.179,-0.854,-0.325,5.3715,42.88,0.166,0.181,"None","False"
"2023-09-15",179.81,181.28,186.48,181.63,182.89,-1.263,-0.936,-0.327,5.3065,44.4,0.182,0.166,"None","False"
"2023-09-18",177.48,181.32,186.23,180.99,182.49,-1.5,-1.049,-0.452,5.2697,41.02,0.18,0.176,"None","False"
"2023-09-19",175.47,181.21,185.9,180.14,181.97,-1.83,-1.205,-0.625,5.3707,38.3,0.154,0.172,"None","False"
"2023-09-20",173.57,181.16,185.49,179.13,181.35,-2.218,-1.408,-0.811,5.4316,35.88,0.107,0.147,"None","False"
"2023-09-21",175.01,180.99,185.16,178.5,180.88,-2.383,-1.603,-0.78,5.5672,39.02,0.096,0.119,"None","False"
"2023-09-22",177.82,180.95,184.88,178.39,180.65,-2.26,-1.734,-0.526,5.5867,44.72,0.132,0.112,"None","False"
"2023-09-25",179.58,181.2,184.67,178.58,180.57,-1.998,-1.787,-0.211,5.3995,47.99,0.199,0.142,"None","False"
"2023-09-26",175.49,181.06,184.41,178.1,180.2,-2.096,-1.849,-0.247,5.5121,41.8,0.214,0.181,"None","False"
"2023-09-27",175.39,180.85,184.13,177.68,179.84,-2.157,-1.91,-0.247,5.6409,41.65,0.197,0.203,"None","False"
"2023-09-28",172.4,180.47,183.72,176.87,179.29,-2.419,-2.012,-0.407,5.9342,37.56,0.139,0.183,"None","False"
"2023-09-29",172.4,179.61,183.27,176.18,178.78,-2.596,-2.129,-0.467,5.805,37.56,0.116,0.151,"None","False"
"2023-10-02",171.96,178.72,182.78,175.53,178.27,-2.741,-2.251,-0.489,5.5287,36.94,0.09,0.115,"None","False"
"2023-10-03",170.43,177.76,182.23,174.75,177.69,-2.945,-2.39,-0.555,5.2005,34.78,0.074,0.093,"None","False"
"2023-10-04",171.21,176.82,181.82,174.2,177.21,-3.009,-2.514,-0.495,4.563,36.81,0.07,0.078,"None","False"
"2023-10-05",171.96,176.03,181.47,173.86,176.82,-2.965,-2.604,-0.361,3.9391,38.77,0.08,0.075,"None","False"
"2023-10-06",170.09,175.15,181.15,173.28,176.32,-3.046,-2.692,-0.354,3.1245,35.78,0.086,0.079,"None","False"
"2023-10-09",171.21,174.84,180.81,172.96,175.95,-2.985,-2.751,-0.234,3.1892,38.82,0.097,0.088,"None","False"
"2023-10-10",170.69,174.46,180.37,172.61,175.56,-2.945,-2.79,-0.155,3.2047,37.93,0.092,0.092,"None","False"
"2023-10-11",178.54,174.48,180.13,173.52,175.78,-2.254,-2.683,0.429,3.2265,54.88,0.198,0.129,"None","False"
"2023-10-12",178.18,174.43,179.85,174.24,175.96,-1.716,-2.489,0.774,3.1735,54.15,0.283,0.191,"None","False"
"2023-10-13",177.45,174.32,179.53,174.73,176.07,-1.333,-2.258,0.925,3.0112,52.62,0.364,0.282,"None","False"
"2023-10-16",176.65,174.28,179.13,175.03,176.11,-1.081,-2.023,0.942,2.9727,50.93,0.342,0.33,"None","False"
"2023-10-17",178.54,174.43,178.78,175.57,176.29,-0.721,-1.762,1.041,3.1067,54.65,0.345,0.35,"None","False"
"2023-10-18",178.72,174.69,178.44,176.05,176.47,-0.416,-1.493,1.077,3.2357,55,0.358,0.348,"None","False"
"2023-10-19",179.26,174.9,178.11,176.55,176.68,-0.129,-1.22,1.091,3.386,56.09,0.387,0.363,"None","False"
"2023-10-20",181.18,175.07,177.88,177.26,177.01,0.25,-0.926,1.176,3.6032,59.84,0.415,0.387,"None","False"
"2023-10-23",179.23,175.05,177.9,177.56,177.17,0.388,-0.663,1.052,3.582,54.73,0.414,0.405,"None","False"
"2023-10-24",182.41,175.4,178.02,178.31,177.56,0.746,-0.381,1.128,3.9256,60.63,0.439,0.423,"None","False"
"2023-10-25",180.23,175.64,178.06,178.6,177.76,0.844,-0.136,0.981,4.0646,55.31,0.414,0.422,"None","False"
"2023-10-26",179.46,175.99,178.1,178.74,177.89,0.85,0.061,0.789,4.0747,53.52,0.407,0.42,"None","False"
"2023-10-27",178.38,176.29,178.12,178.68,177.92,0.759,0.201,0.558,4.0193,51.04,0.354,0.392,"None","False"
"2023-10-30",174.91,176.44,178.08,178.1,177.7,0.402,0.241,0.161,3.9104,43.96,0.291,0.351,"None","False"
"2023-10-31",173.97,176.61,178.01,177.47,177.42,0.042,0.201,-0.159,3.7095,42.25,0.229,0.291,"None","False"
"2023-11-01",172.88,176.7,177.98,176.76,177.09,-0.327,0.096,-0.422,3.6042,40.3,0.17,0.23,"None","False"
"2023-11-02",170.77,176.64,177.82,175.84,176.62,-0.78,-0.08,-0.701,3.6907,36.75,0.13,0.176,"None","False"
"2023-11-03",173.14,176.79,177.71,175.42,176.36,-0.938,-0.251,-0.686,3.4736,42.84,0.133,0.144,"None","False"
"2023-11-06",173.44,176.9,177.69,175.12,176.14,-1.026,-0.406,-0.62,3.3254,43.58,0.151,0.138,"None","False"
"2023-11-07",170.3,176.88,177.53,174.38,175.71,-1.335,-0.592,-0.743,3.3627,38.03,0.158,0.147,"None","False"
"2023-11-08",168.22,176.37,177.3,173.43,175.16,-1.727,-0.819,-0.908,3.8282,34.86,0.114,0.141,"None","False"
"2023-11-09",174.91,176.2,177.2,173.66,175.14,-1.481,-0.951,-0.53,3.8171,49.44,0.147,0.14,"None","False"
"2023-11-10",176.65,176.16,176.95,174.12,175.25,-1.133,-0.988,-0.145,3.808,52.43,0.226,0.162,"None","False"
"2023-11-13",177.82,176.22,176.7,174.69,175.44,-0.753,-0.941,0.187,3.824,54.38,0.334,0.236,"None","False"
"2023-11-14",179.58,176.27,176.5,175.44,175.75,-0.307,-0.814,0.507,3.862,57.22,0.377,0.312,"None","False"
"2023-11-15",182.89,176.48,176.36,176.59,176.28,0.31,-0.589,0.899,4.0941,62.01,0.43,0.38,"Up","False"
"2023-11-16",179.45,176.49,176.2,177.03,176.51,0.515,-0.368,0.884,4.1007,55.1,0.434,0.414,"None","False"
"2023-11-17",182.41,176.55,176.09,177.85,176.95,0.907,-0.113,1.02,4.1791,59.3,0.445,0.436,"None","False"
"2023-11-20",183.38,176.76,176.21,178.7,177.42,1.28,0.165,1.115,4.4039,60.6,0.438,0.439,"None","False"
"2023-11-21",181.99,176.74,176.28,179.21,177.76,1.447,0.422,1.026,4.3778,57.75,0.452,0.445,"None","False"
"2023-11-22",187.44,177.1,176.47,180.48,178.48,1.997,0.737,1.26,4.9144,64.75,0.482,0.458,"None","False"
"2023-11-24",189.95,177.62,176.69,181.93,179.33,2.604,1.11,1.494,5.644,67.42,0.52,0.485,"None","False"
"2023-11-27",190.4,178.22,176.9,183.24,180.15,3.087,1.506,1.581,6.2949,67.89,0.576,0.526,"None","False"
"2023-11-28",187.17,178.84,177.09,183.84,180.67,3.172,1.839,1.333,6.5346,61.08,0.556,0.551,"None","False"
"2023-11-29",189.95,179.64,177.38,184.78,181.36,3.424,2.156,1.268,6.8594,64.39,0.539,0.557,"None","False"
"2023-11-30",190.83,180.53,177.73,185.71,182.06,3.653,2.455,1.198,7.0871,65.4,0.525,0.54,"None","False"
"2023-12-01",188.97,181.44,178.01,186.21,182.57,3.643,2.693,0.95,6.9419,61.45,0.527,0.531,"None","False"
"2023-12-04",189.69,182.27,178.24,186.75,183.1,3.65,2.884,0.766,6.8889,62.4,0.516,0.523,"None","False"
"2023-12-05",190.57,183.13,178.46,187.34,183.65,3.685,3.044,0.64,6.8019,63.57,0.506,0.517,"None","False"
"2023-12-06",192.53,184.24,178.8,188.14,184.31,3.826,3.201,0.625,6.4204,66.11,0.532,0.518,"None","False"
"2023-12-07",192.08,185.43,179.14,188.74,184.88,3.857,3.332,0.525,5.4808,64.99,0.546,0.528,"None","False"
"2023-12-08",189.69,186.17,179.48,188.89,185.24,3.647,3.395,0.252,4.9862,59.24,0.523,0.534,"None","False"
"2023-12-11",190.57,186.87,179.85,189.15,185.64,3.511,3.418,0.093,4.562,60.63,0.492,0.52,"None","False"
"2023-12-12",191.31,187.54,180.23,189.48,186.06,3.424,3.419,0.004,4.1533,61.8,0.475,0.496,"None","False"
"2023-12-13",191.81,188.15,180.66,189.84,186.48,3.356,3.407,-0.051,3.8232,62.61,0.493,0.487,"None","False"
"2023-12-14",193.63,188.69,181.11,190.42,187.01,3.41,3.407,0.003,3.8003,65.48,0.52,0.496,"None","False"
"2023-12-15",191.45,189.29,181.5,190.58,187.34,3.239,3.374,-0.134,3.1926,59.58,0.508,0.507,"None","False"
"2023-12-18",191.8,189.76,181.93,190.77,187.67,3.097,3.318,-0.222,2.8142,60.2,0.494,0.507,"None","False"
"2023-12-19",192.53,190.22,182.36,191.04,188.03,3.008,3.256,-0.248,2.4614,61.52,0.473,0.492,"None","False"
"2023-12-20",193.58,190.8,182.82,191.43,188.44,2.988,3.203,-0.215,1.7038,63.41,0.494,0.487,"None","False"
"2023-12-21",195.18,191.18,183.15,192.01,188.94,3.066,3.175,-0.109,1.7747,66.14,0.527,0.498,"None","False"
"2023-12-22",193.15,191.34,183.45,192.18,189.25,2.93,3.126,-0.196,1.8003,60.03,0.518,0.513,"None","False"
"2023-12-26",193.05,191.48,183.76,192.32,189.53,2.782,3.057,-0.275,1.8233,59.73,0.498,0.514,"None","False"
"2023-12-27",194.68,191.85,184.12,192.68,189.92,2.765,2.999,-0.234,1.664,62.91,0.48,0.499,"None","False"
"2023-12-28",192.53,191.98,184.4,192.66,190.11,2.548,2.909,-0.361,1.6106,56.57,0.461,0.48,"None","False"
"2023-12-29",193.05,192.09,184.69,192.72,190.33,2.39,2.805,-0.414,1.6039,57.68,0.45,0.464,"None","False"
