"Date","Close"
"2023-01-03",125.07
"2023-01-04",126.36
"2023-01-05",125.02
"2023-01-06",129.62
"2023-01-09",130.15
"2023-01-10",130.73
"2023-01-11",133.49
"2023-01-12",133.41
"2023-01-13",134.76
"2023-01-17",135.94
"2023-01-18",135.21
"2023-01-19",135.27
"2023-01-20",137.87
"2023-01-23",141.11
"2023-01-24",142.53
"2023-01-25",142.55
"2023-01-26",143.96
"2023-01-27",145.93
"2023-01-30",143
"2023-01-31",144.29
"2023-02-01",145.43
"2023-02-02",150.82
"2023-02-03",154.5
"2023-02-06",151.73
"2023-02-07",154.65
"2023-02-08",151.92
"2023-02-09",155.33
"2023-02-10",154.5
"2023-02-13",153.85
"2023-02-14",153.2
"2023-02-15",155.33
"2023-02-16",172.17
"2023-02-17",168.54
"2023-02-21",164.32
"2023-02-22",166.65
"2023-02-23",164.9
"2023-02-24",166.23
"2023-02-27",147.92
"2023-02-28",149.4
"2023-03-01",145.31
"2023-03-02",147.41
"2023-03-03",151.03
"2023-03-06",153.83
"2023-03-07",151.6
"2023-03-08",152.59
"2023-03-09",150.59
"2023-03-10",155.85
"2023-03-13",150.47
"2023-03-14",152.99
"2023-03-15",152.69
"2023-03-16",155
"2023-03-17",155.09
"2023-03-20",157.4
"2023-03-21",159.28
"2023-03-22",157.65
"2023-03-23",158.93
"2023-03-24",160.25
"2023-03-27",158.28
"2023-03-28",158.93
"2023-03-29",160.77
"2023-03-30",162.36
"2023-03-31",164.9
"2023-04-03",166.47
"2023-04-04",165.79
"2023-04-05",163.76
"2023-04-06",163.83
"2023-04-10",162.03
"2023-04-11",165.75
"2023-04-12",172.57
"2023-04-13",173.57
"2023-04-14",174.2
"2023-04-17",173.55
"2023-04-18",174.21
"2023-04-19",165.21
"2023-04-20",166.65
"2023-04-21",165.02
"2023-04-24",165.33
"2023-04-25",169.68
"2023-04-26",168.41
"2023-04-27",169.12
"2023-04-28",169.59
"2023-05-01",169.68
"2023-05-02",169.28
"2023-05-03",165.79
"2023-05-04",174.78
"2023-05-05",177.3
"2023-05-08",172.07
"2023-05-09",171.77
"2023-05-10",165.79
"2023-05-11",173.57
"2023-05-12",175.16
"2023-05-15",172.57
"2023-05-16",172.07
"2023-05-17",173.55
"2023-05-18",175.43
"2023-05-19",177.82
"2023-05-22",173.57
"2023-05-23",172.99
"2023-05-24",171.56
"2023-05-25",177.82
"2023-05-26",177.3
"2023-05-30",175.05
"2023-05-31",174.39
"2023-06-01",176.38
"2023-06-02",188.61
"2023-06-05",186.68
"2023-06-06",186.04
"2023-06-07",180.09
"2023-06-08",180.57
"2023-06-09",180.95
"2023-06-12",183.79
"2023-06-13",183.97
"2023-06-14",186.01
"2023-06-15",185.01
"2023-06-16",183.58
"2023-06-20",186.68
"2023-06-21",185.27
"2023-06-22",186.88
"2023-06-23",187.65
"2023-06-26",186.68
"2023-06-27",187.45
"2023-06-28",185.01
"2023-06-29",184.16
"2023-06-30",188.06
"2023-07-03",189.25
"2023-07-05",189.3
"2023-07-06",189.59
"2023-07-07",189.98
"2023-07-10",191.97
"2023-07-11",193.97
"2023-07-12",191.33
"2023-07-13",191.81
"2023-07-14",190.54
"2023-07-17",188.08
"2023-07-18",189.77
"2023-07-19",192.58
"2023-07-20",195.1
"2023-07-21",196.45
"2023-07-24",197.96
"2023-07-25",191.84
"2023-07-26",189.25
"2023-07-27",186.19
"2023-07-28",187.87
"2023-07-31",192.75
"2023-08-01",190.64
"2023-08-02",192.35
"2023-08-03",193.22
"2023-08-04",196.6
"2023-08-07",196.45
"2023-08-08",195.55
"2023-08-09",195.61
"2023-08-10",192.58
"2023-08-11",178.19
"2023-08-14",176.57
"2023-08-15",178.22
"2023-08-16",177.79
"2023-08-17",177.23
"2023-08-18",176.57
"2023-08-21",177.79
"2023-08-22",174.49
"2023-08-23",178.44
"2023-08-24",178.61
"2023-08-25",174.49
"2023-08-28",178.44
"2023-08-29",179.46
"2023-08-30",180.09
"2023-08-31",189.46
"2023-09-01",189.87
"2023-09-05",189.7
"2023-09-06",189.99
"2023-09-07",187.65
"2023-09-08",187.65
"2023-09-11",177.48
"2023-09-12",178.35
"2023-09-13",178.18
"2023-09-14",179
"2023-09-15",179.81
"2023-09-18",177.48
"2023-09-19",175.47
"2023-09-20",173.57
"2023-09-21",175.01
"2023-09-22",177.82
"2023-09-25",179.58
"2023-09-26",175.49
"2023-09-27",175.39
"2023-09-28",172.4
"2023-09-29",172.4
"2023-10-02",171.96
"2023-10-03",170.43
"2023-10-04",171.21
"2023-10-05",171.96
"2023-10-06",170.09
"2023-10-09",171.21
"2023-10-10",170.69
"2023-10-11",178.54
"2023-10-12",178.18
"2023-10-13",177.45
"2023-10-16",176.65
"2023-10-17",178.54
"2023-10-18",178.72
"2023-10-19",179.26
"2023-10-20",181.18
"2023-10-23",179.23
"2023-10-24",182.41
"2023-10-25",180.23
"2023-10-26",179.46
"2023-10-27",178.38
"2023-10-30",174.91
"2023-10-31",173.97
"2023-11-01",172.88
"2023-11-02",170.77
"2023-11-03",173.14
"2023-11-06",173.44
"2023-11-07",170.3
"2023-11-08",168.22
"2023-11-09",174.91
"2023-11-10",176.65
"2023-11-13",177.82
"2023-11-14",179.58
"2023-11-15",182.89
"2023-11-16",179.45
"2023-11-17",182.41
"2023-11-20",183.38
"2023-11-21",181.99
"2023-11-22",187.44
"2023-11-24",189.95
"2023-11-27",190.4
"2023-11-28",187.17
"2023-11-29",189.95
"2023-11-30",190.83
"2023-12-01",188.97
"2023-12-04",189.69
"2023-12-05",190.57
"2023-12-06",192.53
"2023-12-07",192.08
"2023-12-08",189.69
"2023-12-11",190.57
"2023-12-12",191.31
"2023-12-13",191.81
"2023-12-14",193.63
"2023-12-15",191.45
"2023-12-18",191.8
"2023-12-19",192.53
"2023-12-20",193.58
"2023-12-21",195.18
"2023-12-22",193.15
"2023-12-26",193.05
"2023-12-27",194.68
"2023-12-28",192.53
"2023-12-29",193.05
